SM_TikTokURL,T_Partei
https://www.tiktok.com/@bmg_bund,SPD
https://www.tiktok.com/@bundeswehrexclusive,CDU/CSU
https://www.tiktok.com/@jugendministerium,Grüne
https://www.tiktok.com/@aussenpolitik,Grüne
https://www.tiktok.com/@soziales.saarland,SPD
https://www.tiktok.com/@wirbauenbayern,CDU/CSU
https://www.tiktok.com/@finanzenbw,Grüne
https://www.tiktok.com/@staatskanzleimv,SPD
https://www.tiktok.com/@regierungspraesidium,CDU/CSU
https://www.tiktok.com/@ministerpraesident.rlp,SPD
https://www.tiktok.com/@regsprecher.saarl,SPD
https://www.tiktok.com/@mbksaar,SPD
https://www.tiktok.com/@ministerin.kathri,SPD
https://www.tiktok.com/@connectcdu,CDU/CSU
https://www.tiktok.com/@afd.offiziell,AfD
https://www.tiktok.com/@spd_pwp,SPD
https://www.tiktok.com/@spdlingen,SPD
https://www.tiktok.com/@spd_bawue,SPD
https://www.tiktok.com/@spdsh,SPD
https://www.tiktok.com/@cdununkirchen,CDU/CSU
https://www.tiktok.com/@cdu_rade ,CDU/CSU
https://www.tiktok.com/@linkeessen ,Linke
https://www.tiktok.com/@die_linke_hl,Linke
https://www.tiktok.com/@gruene_lsa,Grüne
https://www.tiktok.com/@diegruenensh,Grüne
https://www.tiktok.com/@gruene_dortmund,Grüne
https://www.tiktok.com/@gruenemuenster,Grüne
https://www.tiktok.com/@fdp_ahrweiler,FDP
https://www.tiktok.com/@fdprlp,FDP
https://www.tiktok.com/@fwmuc,Sonstige
https://www.tiktok.com/@freie_waehler_hamburg,Sonstige
https://www.tiktok.com/@freiewaehleraltmark,Sonstige
https://www.tiktok.com/@freiewaehler_magdeburg,Sonstige
https://www.tiktok.com/@afdhessen,AfD
https://www.tiktok.com/@afd.bayern,AfD
https://www.tiktok.com/@afdelmshorn,AfD
https://www.tiktok.com/@afdkreispinneberg,AfD
https://www.tiktok.com/@afd.reinickendorf,AfD
https://www.tiktok.com/@dieparteiberlin,Sonstige
https://www.tiktok.com/@die_partei_niedersachsen,Sonstige
https://www.tiktok.com/@diepartei_lueneburg,Sonstige
https://www.tiktok.com/@dieparteimoers,Sonstige
https://www.tiktok.com/@oedp_badenwuerttemberg,Sonstige
https://www.tiktok.com/@diebasis_mv,Sonstige
https://www.tiktok.com/@afd_fraktion_bundestag,AfD
https://www.tiktok.com/@linksfraktion,Linke
https://www.tiktok.com/@csu_bt,CDU/CSU
https://www.tiktok.com/@cducsueuropa,CDU/CSU
https://www.tiktok.com/@afd_thl                                                                                                                                                             ,AfD
https://www.tiktok.com/@afdfraktion.rlp,AfD
https://www.tiktok.com/@afd.eu,AfD
https://www.tiktok.com/@niedersachsenfraktion,SPD
https://www.tiktok.com/@spdvg,SPD
https://www.tiktok.com/@gruenefraktionbb,Grüne
https://www.tiktok.com/@saxgruen,Grüne
https://www.tiktok.com/@linksfraktion.kiel,Linke
https://www.tiktok.com/@linksfraktionbran,Linke
https://www.tiktok.com/@saarlinke_fraktion,Linke
https://www.tiktok.com/@dielinkeimlandtag,Linke
https://www.tiktok.com/@fdpltnrw/,FDP
https://www.tiktok.com/@fraktionsleben,FDP
https://www.tiktok.com/@bvb_fw_fraktion,Sonstige
https://www.tiktok.com/@europajens,SPD
https://www.tiktok.com/@lenaduepont,CDU/CSU
https://www.tiktok.com/@hildebentele,CDU/CSU
https://www.tiktok.com/@markusferber1,CDU/CSU
https://www.tiktok.com/@metinhakverdi1,SPD
https://www.tiktok.com/@dirkheidenblut,SPD
https://www.tiktok.com/@kuehnikev/,SPD
https://www.tiktok.com/@frankschwabe,SPD
https://www.tiktok.com/@karl_lauterbach_privat,SPD
https://www.tiktok.com/@bestphal5,SPD
https://www.tiktok.com/@dr.thorsten.rudolph,SPD
https://www.tiktok.com/@bengt.bergt,SPD
https://www.tiktok.com/@teamolafscholz,SPD
https://www.tiktok.com/@tanjamachts,SPD
https://www.tiktok.com/@kthrn_mchl_spd,SPD
https://www.tiktok.com/@svenja_schulze,SPD
https://www.tiktok.com/@bettina.lugk,SPD
https://www.tiktok.com/@oliver.kaczmarek25,SPD
https://www.tiktok.com/@adis.93,SPD
https://www.tiktok.com/@luciaschanbacher,SPD
https://www.tiktok.com/@sanaeabdi_koeln,SPD
https://www.tiktok.com/@dieabgeordnete ,FDP
https://www.tiktok.com/@vogeljohannes ,FDP
https://www.tiktok.com/@tim.wagner.mdb,FDP
https://www.tiktok.com/@katjadler,FDP
https://www.tiktok.com/@drpeterramsauer1,CDU/CSU
https://www.tiktok.com/@juliakloeckner,CDU/CSU
https://www.tiktok.com/@petra.nicolaisen,CDU/CSU
https://www.tiktok.com/@team.anja,CDU/CSU
https://www.tiktok.com/@thomasbareiss,CDU/CSU
https://www.tiktok.com/@tilmankuban,CDU/CSU
https://www.tiktok.com/@mechthild_heil,CDU/CSU
https://www.tiktok.com/@alex.throm,CDU/CSU
https://www.tiktok.com/@carsten.mueller.c,CDU/CSU
https://www.tiktok.com/@bundestagsperli,Linke
https://www.tiktok.com/@susanne_ferschl,Linke
https://www.tiktok.com/@amtsberg.luise_mdb,Grüne
https://www.tiktok.com/@bruno.hoenel,Grüne
https://www.tiktok.com/@ulle_schauws,Grüne
https://www.tiktok.com/@roberthabeck,Grüne
https://www.tiktok.com/@chantalkopf,Grüne
https://www.tiktok.com/@karl.baer.mdb,Grüne
https://www.tiktok.com/@jan_nolte_bundestag   ,AfD
https://www.tiktok.com/@goetzfroemming  ,AfD
https://www.tiktok.com/@kleinwaechterafd  ,AfD
https://www.tiktok.com/@enricokomning  ,AfD
https://www.tiktok.com/@brandesdirk ,AfD
https://www.tiktok.com/@peterfelser_mdb  ,AfD
https://www.tiktok.com/@albrecht_glaser_mdb  ,AfD
https://www.tiktok.com/@hannesgnauck  ,AfD
https://www.tiktok.com/@dr.dirkspaniel  ,AfD
https://www.tiktok.com/@malte.kaufmann  ,AfD
https://www.tiktok.com/@stefan_keuter  ,AfD
https://www.tiktok.com/@edgarnaujokmdb  ,AfD
https://www.tiktok.com/@frank.rinck  ,AfD
https://www.tiktok.com/@bernd.schattner.mdb  ,AfD
https://www.tiktok.com/@eugen_schmidt.mdb  ,AfD
https://www.tiktok.com/@joachimwundrak  ,AfD
https://www.tiktok.com/@gottfriedcurio/,AfD
https://www.tiktok.com/@gerold_otten/,AfD
https://www.tiktok.com/@hamburgpolitik,SPD
https://www.tiktok.com/@j.renner1,SPD
https://www.tiktok.com/@jonas.weber.spd,SPD
https://www.tiktok.com/@thoregueldner,SPD
https://www.tiktok.com/@katrinsteinhuelbjoos,SPD
https://www.tiktok.com/@christianhochgrebe,SPD
https://www.tiktok.com/@wiebken,SPD
https://www.tiktok.com/@carolaveit,SPD
https://www.tiktok.com/@janhennerputzier?lang=de-DE,SPD
https://www.tiktok.com/@serpilmidyatli,SPD
https://www.tiktok.com/@astrid.hennies,SPD
https://www.tiktok.com/@alpkirci,SPD
https://www.tiktok.com/@corinna_lange,SPD
https://www.tiktok.com/@kianuschstender,SPD
https://www.tiktok.com/@serdar.yueksel,SPD
https://www.tiktok.com/@ulrich.commercon,SPD
https://www.tiktok.com/@mathias_schulz,SPD
https://www.tiktok.com/@frank.mueller.nrw,SPD
https://www.tiktok.com/@just.moor,SPD
https://www.tiktok.com/@__steph.m__,SPD
https://www.tiktok.com/@martinaholzner3,SPD
https://www.tiktok.com/@sevim.kayakaradag,SPD
https://www.tiktok.com/@flora_elisa_,SPD
https://www.tiktok.com/@alexandra.k.b,SPD
https://www.tiktok.com/@tobias.hans,CDU/CSU
https://www.tiktok.com/@marcspeicher ,CDU/CSU
https://www.tiktok.com/@rolandtheis,CDU/CSU
https://www.tiktok.com/@horstfalk,CDU/CSU
https://www.tiktok.com/@ulfthiele,CDU/CSU
https://www.tiktok.com/@sandrokappe,CDU/CSU
https://www.tiktok.com/@christiangoiny,CDU/CSU
https://www.tiktok.com/@geert.mackenroth,CDU/CSU
https://www.tiktok.com/@elbhoffe,CDU/CSU
https://www.tiktok.com/@ingo.flemming,CDU/CSU
https://www.tiktok.com/@mauricebmueller,Grüne
https://www.tiktok.com/@tb4hd,Grüne
https://www.tiktok.com/@gregorkaiser,Grüne
https://www.tiktok.com/@sina_beckmann,Grüne
https://www.tiktok.com/@vasifranco,Grüne
https://www.tiktok.com/@louisvonkrueger/,Grüne
https://www.tiktok.com/@s_k_walter,Grüne
https://www.tiktok.com/@kathrinanders5,Grüne
https://www.tiktok.com/@vangroma,Grüne
https://www.tiktok.com/@miriamdahlke,Grüne
https://www.tiktok.com/@miblock_green,Grüne
https://www.tiktok.com/@lenazagst,Grüne
https://www.tiktok.com/@jenny_jasberg,Grüne
https://www.tiktok.com/@gudrun_schittek,Grüne
https://www.tiktok.com/@mjoukov,Grüne
https://www.tiktok.com/@sonjalattwesen,Grüne
https://www.tiktok.com/@gruenelisa,Grüne
https://www.tiktok.com/@wolfram.gnther,Grüne
https://www.tiktok.com/@harald_terpe,Grüne
https://www.tiktok.com/@dreas_hoffmann,Grüne
https://www.tiktok.com/@katrinschmidberger,Grüne
https://www.tiktok.com/@gollaleh_ahmadi,Grüne
https://www.tiktok.com/@fabian_ehmann1,Grüne
https://www.tiktok.com/@volkerbauer29,CDU/CSU
https://www.tiktok.com/@gertinger,CDU/CSU
https://www.tiktok.com/@joejoenue,CDU/CSU
https://www.tiktok.com/@saschaschnrer,CDU/CSU
https://www.tiktok.com/@kaufmann_andreas,CDU/CSU
https://www.tiktok.com/@martina_giessuebel_mdl,CDU/CSU
https://www.tiktok.com/@homerpetra,CDU/CSU
https://www.tiktok.com/@andrea.behr,CDU/CSU
https://www.tiktok.com/@alexander.brockmeier,FDP
https://www.tiktok.com/@matthiasbuger268,FDP
https://www.tiktok.com/@rittelanton,Sonstige
https://www.tiktok.com/@denizcelikhh,Linke
https://www.tiktok.com/@christianeboehm,Linke
https://www.tiktok.com/@torstenfelstehausen5,Linke
https://www.tiktok.com/@agerni01,Linke
https://www.tiktok.com/@elisabeth_kulamdl,Linke
https://www.tiktok.com/@maurerkatja,Linke
https://www.tiktok.com/@nielsolaflders,BSW
https://www.tiktok.com/@dieterlaudenbach8,AfD
https://www.tiktok.com/@peerlilienthal,AfD
https://www.tiktok.com/@ansgarschledde,AfD
https://www.tiktok.com/@gerhardschenk28,AfD
https://www.tiktok.com/@pascalschleich915,AfD
https://www.tiktok.com/@richardgraupner,AfD
https://www.tiktok.com/@ramona_storm,AfD
https://www.tiktok.com/@volkerdringenberg,AfD
https://www.tiktok.com/@steffenkubitzki,AfD
https://www.tiktok.com/@vivienrottstedt,AfD
https://www.tiktok.com/@peterbachmann,AfD
https://www.tiktok.com/@tobias_heller_mdl,AfD
https://www.tiktok.com/@holgerhentschel0,AfD
https://www.tiktok.com/@thomasthummmdl,AfD
https://www.tiktok.com/@fabianjankafd,AfD
https://www.tiktok.com/@volkslobbyist,AfD
https://www.tiktok.com/@jantimke,Sonstige
https://www.tiktok.com/@lillyblaudszun,SPD
https://www.tiktok.com/@anni_urban,SPD
https://www.tiktok.com/@torge_urban,SPD
https://www.tiktok.com/@olegshevchenko39,SPD
https://www.tiktok.com/@skandalstadtrat ,SPD
https://www.tiktok.com/@annatanzer ,SPD
https://www.tiktok.com/@timkurzbach ,SPD
https://www.tiktok.com/@tobiasschloo,SPD
https://www.tiktok.com/@marionmeyer_spd,SPD
https://www.tiktok.com/@danielkrusic,SPD
https://www.tiktok.com/@mcrich.n.hard ,SPD
https://www.tiktok.com/@nicole_spd_hattingen,SPD
https://www.tiktok.com/@leonhahn.bodensee,SPD
https://www.tiktok.com/@mrs_mayor,SPD
https://www.tiktok.com/@politiker_michael,SPD
https://www.tiktok.com/@hannahlupperspd,SPD
https://www.tiktok.com/@alicia.bokler,SPD
https://www.tiktok.com/@julia.soehne,SPD
https://www.tiktok.com/@vinc_in_la,SPD
https://www.tiktok.com/@nasser.spd ,SPD
https://www.tiktok.com/@mirjamblumenthal,SPD
https://www.tiktok.com/@belabach_mdb,SPD
https://www.tiktok.com/@sabrinaproschmann,SPD
https://www.tiktok.com/@wurzeln_u_fluegel,SPD
https://www.tiktok.com/@steffenkrach,SPD
https://www.tiktok.com/@aumann,SPD
https://www.tiktok.com/@smachulik,SPD
https://www.tiktok.com/@klausadelt,SPD
https://www.tiktok.com/@regitzmdlbarbara,SPD
https://www.tiktok.com/@sebastianthul,SPD
https://www.tiktok.com/@annarmpeters,Grüne
https://www.tiktok.com/@patrick.haermeyer,Grüne
https://www.tiktok.com/@gruenhinterdenohren,Grüne
https://www.tiktok.com/@alexwer_hb,Grüne
https://www.tiktok.com/@dzienus,Grüne
https://www.tiktok.com/@ddreudnitz,Grüne
https://www.tiktok.com/@GYGeorg ,Grüne
https://www.tiktok.com/@lukasschauder,Grüne
https://www.tiktok.com/@christina_haubrich,Grüne
https://www.tiktok.com/@polit.pilot,Grüne
https://www.tiktok.com/@doreen.denstdt,Grüne
https://www.tiktok.com/@emily.bning,Grüne
https://www.tiktok.com/@gruene_radolfshausen,Grüne
https://www.tiktok.com/@anna_deparnay,Grüne
https://www.tiktok.com/@nnienass,Grüne
https://www.tiktok.com/@katharina.fegebank,Grüne
https://www.tiktok.com/@anjes.tjarks,Grüne
https://www.tiktok.com/@pesejdi,Grüne
https://www.tiktok.com/@luciehammecke,Grüne
https://www.tiktok.com/@lau.ra_wahl,Grüne
https://www.tiktok.com/@madeleine_henfling,Grüne
https://www.tiktok.com/@jonas_bayer,FDP
https://www.tiktok.com/@krstdt,FDP
https://www.tiktok.com/@jimmyblum151,FDP
https://www.tiktok.com/@menschfranz,FDP
https://www.tiktok.com/@gelbphoenix,FDP
https://www.tiktok.com/@noreenthiel,FDP
https://www.tiktok.com/@leon.beck.bo,FDP
https://www.tiktok.com/@flobieder,FDP
https://www.tiktok.com/@tobias_heisig,FDP
https://www.tiktok.com/@theresa.leinkauf,FDP
https://www.tiktok.com/@thomas_sattelberger ,FDP
https://www.tiktok.com/@stefan_birkner,FDP
https://www.tiktok.com/@der_abgeordnete,FDP
https://www.tiktok.com/@martin.hagen,FDP
https://www.tiktok.com/@wolfgang.heubisch,FDP
https://www.tiktok.com/@dominik.spitzer/,FDP
https://www.tiktok.com/@christophskutella,FDP
https://www.tiktok.com/@thomaslkemmerich,FDP
https://www.tiktok.com/@robertmartinmontag,FDP
https://www.tiktok.com/@julia.u.schramm,Linke
https://www.tiktok.com/@eva_kappl,Linke
https://www.tiktok.com/@felixsschulz,Linke
https://www.tiktok.com/@elseppo95,Linke
https://www.tiktok.com/@korn.mb,Linke
https://www.tiktok.com/@lgbeutin,Linke
https://www.tiktok.com/@___markuspohle,Linke
https://www.tiktok.com/@grotjohannlsa,Linke
https://www.tiktok.com/@melaniewerysims,Linke
https://www.tiktok.com/@nelken2021,Linke
https://www.tiktok.com/@andreasadrian_,Linke
https://www.tiktok.com/@steffikoepenick,Linke
https://www.tiktok.com/@katjakipping,Linke
https://www.tiktok.com/@pascal_meiser,Linke
https://www.tiktok.com/@benjaminimmanuelhoff,Linke
https://www.tiktok.com/@kati_engel_,Linke
https://www.tiktok.com/@bohmeniaa,Linke
https://www.tiktok.com/@dielinke.mittelsachsen,Linke
https://www.tiktok.com/@sebastianwalter_mdl,Linke
https://www.tiktok.com/@linkerandreas,Linke
https://www.tiktok.com/@kathrindannenberg,Linke
https://www.tiktok.com/@isabellevandre,Linke
https://www.tiktok.com/@simon_mai ,CDU/CSU
https://www.tiktok.com/@buergermeister_kasche,CDU/CSU
https://www.tiktok.com/@toniecke,CDU/CSU
https://www.tiktok.com/@caro_luenenschloss,CDU/CSU
https://www.tiktok.com/@lillifischer_,CDU/CSU
https://www.tiktok.com/@maikbundestag ,CDU/CSU
https://www.tiktok.com/@alexanderkrausscdu,CDU/CSU
https://www.tiktok.com/@lucasschopphoven,CDU/CSU
https://www.tiktok.com/@einfach.caro_,CDU/CSU
https://www.tiktok.com/@patrick.burghardt,CDU/CSU
https://www.tiktok.com/@andreneumannabg,CDU/CSU
https://www.tiktok.com/@der_landrat,CDU/CSU
https://www.tiktok.com/@karolinbraunsberger,CDU/CSU
https://www.tiktok.com/@ericerzgebirge,CDU/CSU
https://www.tiktok.com/@sebastian_fischer_,CDU/CSU
https://www.tiktok.com/@tiktok_buergermeister,CDU/CSU
https://www.tiktok.com/@derschultesw,CDU/CSU
 https://www.tiktok.com/@annesophiegoebel,CDU/CSU
https://www.tiktok.com/@michaelfuchs01,CDU/CSU
https://www.tiktok.com/@beatemerk,CDU/CSU
https://www.tiktok.com/@hansfriedlmdl,Sonstige
https://www.tiktok.com/@bundestanzabgeordnete_lu,Sonstige
https://www.tiktok.com/@hallofraukaiser,AfD
https://www.tiktok.com/@janeschulz.deu,AfD
https://www.tiktok.com/@dr.robbyschlund,AfD
https://www.tiktok.com/@jensahrends711,AfD
https://www.tiktok.com/@erichheidkamp,AfD
https://www.tiktok.com/@guidoreil,AfD
https://www.tiktok.com/@nicolaus.fest,AfD
https://www.tiktok.com/@realgunnarbeck,AfD
https://www.tiktok.com/@drsylvialimmer,AfD
https://www.tiktok.com/@bernhardzimniok,AfD
https://www.tiktok.com/@thomasrudy3,AfD
https://www.tiktok.com/@rolfweigand,AfD
https://www.tiktok.com/@rene_hein,AfD
https://www.tiktok.com/@larsschieske,AfD
https://www.tiktok.com/@philip.zeschmann.mdl,AfD
https://www.tiktok.com/@andreas.kalbitz,Sonstige
https://www.tiktok.com/@larspatrickberg_mdep,Sonstige
https://www.tiktok.com/@jungeuniongermering,CDU/CSU
https://www.tiktok.com/@jungeunionaltoetting,CDU/CSU
https://www.tiktok.com/@jungeuniondetmold ,CDU/CSU
https://www.tiktok.com/@ju.hildesheim,CDU/CSU
https://www.tiktok.com/@rcds_buvo,CDU/CSU
https://www.tiktok.com/@jusosbayern,SPD
https://www.tiktok.com/@jusos_offiziell ,SPD
https://www.tiktok.com/@jusosinderspd,SPD
https://www.tiktok.com/@jusoskaland,SPD
https://www.tiktok.com/@jusos.esslingenkreis,SPD
https://www.tiktok.com/@jusosostfildern,SPD
https://www.tiktok.com/@jusos.jena,SPD
https://www.tiktok.com/@gj_thueringen,Grüne
https://www.tiktok.com/@jung.oekologisch,Sonstige
https://www.tiktok.com/@insidecdu,CDU/CSU
https://www.tiktok.com/@cdu_bw,CDU/CSU
https://www.tiktok.com/@cdubrandenburg,CDU/CSU
https://www.tiktok.com/@cdu_hessen,CDU/CSU
https://www.tiktok.com/@cdu.mv,CDU/CSU
https://www.tiktok.com/@cdurlp,CDU/CSU
https://www.tiktok.com/@cdu.sachsen,CDU/CSU
https://www.tiktok.com/@cdu_thueringen,CDU/CSU
https://www.tiktok.com/@junge_union,CDU/CSU
https://www.tiktok.com/@jungeunionbw,CDU/CSU
https://www.tiktok.com/@ju_bayern,CDU/CSU
https://www.tiktok.com/@juhessen,CDU/CSU
https://www.tiktok.com/@juniedersachsen,CDU/CSU
https://www.tiktok.com/@jungeunionnrw,CDU/CSU
https://www.tiktok.com/@junge_union_saar,CDU/CSU
https://www.tiktok.com/@ju.sachsen,CDU/CSU
https://www.tiktok.com/@deinespd,SPD
https://www.tiktok.com/@spd_bw,SPD
https://www.tiktok.com/@spdberlin,SPD
https://www.tiktok.com/@spd.mv,SPD
https://www.tiktok.com/@spdniedersachsen,SPD
https://www.tiktok.com/@nrwspd,SPD
https://www.tiktok.com/@spd.rheinlandpfalz,SPD
https://www.tiktok.com/@saarspd,SPD
https://www.tiktok.com/@spd.schleswigholstein,SPD
https://www.tiktok.com/@jusos.de,SPD
https://www.tiktok.com/@jusosbw,SPD
https://www.tiktok.com/@jusos.bayern,SPD
https://www.tiktok.com/@jusos.berlin,SPD
https://www.tiktok.com/@jusosbremen,SPD
https://www.tiktok.com/@jusoshamburg,SPD
https://www.tiktok.com/@jusoshessen,SPD
https://www.tiktok.com/@jusos.mv,SPD
https://www.tiktok.com/@jusos_nds,SPD
https://www.tiktok.com/@nrwjusos,SPD
https://www.tiktok.com/@jusos.rlp,SPD
https://www.tiktok.com/@jusos.saar,SPD
https://www.tiktok.com/@jusos_th,SPD
https://www.tiktok.com/@fdp,FDP
https://www.tiktok.com/@fdpnrw,FDP
https://www.tiktok.com/@fdp.sachsen,FDP
https://www.tiktok.com/@fdp_sachsenanhalt,FDP
https://www.tiktok.com/@fdp_schleswigholstein,FDP
https://www.tiktok.com/@fdpthueringen,FDP
https://www.tiktok.com/@junge.liberale,FDP
https://www.tiktok.com/@julis_bw,FDP
https://www.tiktok.com/@julisbayern,FDP
https://www.tiktok.com/@julisberlin,FDP
https://www.tiktok.com/@julisbrandenburg,FDP
https://www.tiktok.com/@jungeliberalehh,FDP
https://www.tiktok.com/@julis.hessen,FDP
https://www.tiktok.com/@julisnrw,FDP
https://www.tiktok.com/@jungeliberalesaar,FDP
https://www.tiktok.com/@julis_sachsenanhalt,FDP
https://www.tiktok.com/@julis_sh,FDP
https://www.tiktok.com/@die.linke,Linke
https://www.tiktok.com/@dielinkebw,Linke
https://www.tiktok.com/@die_linke_bayern,Linke
https://www.tiktok.com/@dielinkeberlin,Linke
https://www.tiktok.com/@die_linke_brandenburg,Linke
https://www.tiktok.com/@dielinke_bremen,Linke
https://www.tiktok.com/@die_linke_hessen,Linke
https://www.tiktok.com/@die.linke.hamburg,Linke
https://www.tiktok.com/@dielinkenrw,Linke
https://www.tiktok.com/@die.linke.rlp,Linke
https://www.tiktok.com/@dielinke.sachsen,Linke
https://www.tiktok.com/@dielinkelsa,Linke
https://www.tiktok.com/@linke.sh,Linke
https://www.tiktok.com/@die_linke_th,Linke
https://www.tiktok.com/@linksjugend.solid,Linke
https://www.tiktok.com/@linksjugend.bayern,Linke
https://www.tiktok.com/@solidberlin,Linke
https://www.tiktok.com/@solid_brandenburg,Linke
https://www.tiktok.com/@linksjugendsolidbremen,Linke
https://www.tiktok.com/@linksjugend.hessen,Linke
https://www.tiktok.com/@linkjugend.rlp,Linke
https://www.tiktok.com/@linksjugendsolidsachsen,Linke
https://www.tiktok.com/@linksjugend_th,Linke
https://www.tiktok.com/@diegruenen,Grüne
https://www.tiktok.com/@diegruenen_bw,Grüne
https://www.tiktok.com/@gruenebayern,Grüne
https://www.tiktok.com/@gruene_berlin,Grüne
https://www.tiktok.com/@gruene_bremen,Grüne
https://www.tiktok.com/@gruenehessen,Grüne
https://www.tiktok.com/@gruenends,Grüne
https://www.tiktok.com/@gruenenrw,Grüne
https://www.tiktok.com/@gruenerlp,Grüne
https://www.tiktok.com/@gruenesachsen,Grüne
https://www.tiktok.com/@gruene_th,Grüne
https://www.tiktok.com/@gruene_jugend,Grüne
https://www.tiktok.com/@gj_bayern,Grüne
https://www.tiktok.com/@gj.berlin,Grüne
https://www.tiktok.com/@gruenebbg,Grüne
https://www.tiktok.com/@gjbremen,Grüne
https://www.tiktok.com/@gruenejugend_hamburg,Grüne
https://www.tiktok.com/@gjhessen,Grüne
https://www.tiktok.com/@gruenejugend_mv,Grüne
https://www.tiktok.com/@gj_niedersachsen,Grüne
https://www.tiktok.com/@gruenejugendnrw,Grüne
https://www.tiktok.com/@gj_rlp,Grüne
https://www.tiktok.com/@gjsaar,Grüne
https://www.tiktok.com/@gruenejugend.sachsen,Grüne
https://www.tiktok.com/@gj_sachsenanhalt,Grüne
https://www.tiktok.com/@gruenejugendsh,Grüne
https://www.tiktok.com/@gruenejugend_thueringen,Grüne
https://www.tiktok.com/@csuauftiktok,CDU/CSU
https://www.tiktok.com/@afd.bund,AfD
https://www.tiktok.com/@afdbayernlv,AfD
https://www.tiktok.com/@berliner.afd,AfD
https://www.tiktok.com/@afd_brandenburg,AfD
https://www.tiktok.com/@afdbremen,AfD
https://www.tiktok.com/@afdhamburg,AfD
https://www.tiktok.com/@afdmvlandesverband,AfD
https://www.tiktok.com/@afd.niedersachsen,AfD
https://www.tiktok.com/@afd.nrw,AfD
https://www.tiktok.com/@afd_rheinland_pfalz,AfD
https://www.tiktok.com/@afdsaarland,AfD
https://www.tiktok.com/@afdsachsen,AfD
https://www.tiktok.com/@afd_schleswig_holstein,AfD
https://www.tiktok.com/@afd.thueringen,AfD
https://www.tiktok.com/@junge_alternative_,AfD
https://www.tiktok.com/@jungealternativebw,AfD
https://www.tiktok.com/@junge_alternativebayern,AfD
https://www.tiktok.com/@ja_brandenburg,AfD
https://www.tiktok.com/@ja.niedersachsen,AfD
https://www.tiktok.com/@jungealternativelsa,AfD
https://www.tiktok.com/@ja.thueringen,AfD
https://www.tiktok.com/@buendnis_sahraw,BSW
https://www.tiktok.com/@bswrlp,BSW
https://www.tiktok.com/@bswsaarland,BSW
https://www.tiktok.com/@bsw.sachsen.partei,BSW
https://www.tiktok.com/@bswsachsenanhalt,BSW
https://www.tiktok.com/@bsw_thueringen,BSW
https://www.tiktok.com/@cducsu,CDU/CSU
https://www.tiktok.com/@spdbt,SPD
https://www.tiktok.com/@afdfraktionimbundestag,AfD
https://www.tiktok.com/@fdpbt,FDP
https://www.tiktok.com/@dielinkebt,Linke
https://www.tiktok.com/@gruenebundestag,Grüne
https://www.tiktok.com/@bsw_bt,BSW
https://www.tiktok.com/@gruenelandtagbwpraktis,Grüne
https://www.tiktok.com/@spdlandtag_bw,SPD
https://www.tiktok.com/@fdplandtagbw,FDP
https://www.tiktok.com/@afdfraktion.bw,AfD
https://www.tiktok.com/@csu_lt,CDU/CSU
https://www.tiktok.com/@gruene_ltby,Grüne
https://www.tiktok.com/@bayernspd.landtag,SPD
https://www.tiktok.com/@bvb_fw_landtag,Sonstige
https://www.tiktok.com/@fw_bayern,Sonstige
https://www.tiktok.com/@afd.landtag.bayern,AfD
https://www.tiktok.com/@cdu.fraktion.berlin,CDU/CSU
https://www.tiktok.com/@gruenefraktionb,Grüne
https://www.tiktok.com/@hauptstadtfraktion,AfD
https://www.tiktok.com/@cdufraktion.brandenburg,CDU/CSU
https://www.tiktok.com/@spdfraktionbrandenburg,SPD
https://www.tiktok.com/@afd_fraktionbb,AfD
https://www.tiktok.com/@spdfraktionhb,SPD
https://www.tiktok.com/@fdp.fraktion.bremen,FDP
https://www.tiktok.com/@bd.fraktion.bb,Sonstige
https://www.tiktok.com/@cdu_hamburg,CDU/CSU
https://www.tiktok.com/@gruene_hamburg,Grüne
https://www.tiktok.com/@spd_hamburg,SPD
https://www.tiktok.com/@linksfraktionhamburg,Linke
https://www.tiktok.com/@afdfraktionhamburg,AfD
https://www.tiktok.com/@fdp_hlt,FDP
https://www.tiktok.com/@afdfraktion.hesse,AfD
https://www.tiktok.com/@cdufraktionmv,CDU/CSU
https://www.tiktok.com/@spdfraktionmv,SPD
https://www.tiktok.com/@linksfraktionmv,Linke
https://www.tiktok.com/@gruenefraktionmv,Grüne
https://www.tiktok.com/@fdpfraktion.mv,FDP
https://www.tiktok.com/@afd.fraktion.mv,AfD
https://www.tiktok.com/@gruene_fraktion_nds,Grüne
https://www.tiktok.com/@afd.fraktion.nds,AfD
https://www.tiktok.com/@gruene.fraktion.nrw,Grüne
https://www.tiktok.com/@fdpltfnrw,FDP
https://www.tiktok.com/@afd.fraktion.nrw,AfD
https://www.tiktok.com/@gruenefraktionrlp,Grüne
https://www.tiktok.com/@spdfraktionrlp,SPD
https://www.tiktok.com/@afd_rheinlandpfalz,AfD
https://www.tiktok.com/@spd.fraktion.saarland,SPD
https://www.tiktok.com/@afd_im_landtag_saarland,AfD
https://www.tiktok.com/@spdsaxlt,SPD
https://www.tiktok.com/@linksfraktion.sachsen,Linke
https://www.tiktok.com/@spd_fraktion_lsa,SPD
https://www.tiktok.com/@linksfraktion.lsa,Linke
https://www.tiktok.com/@gruenefraktionlsa,Grüne
https://www.tiktok.com/@afdfraktionsachsenanhalt,AfD
https://www.tiktok.com/@fdpfraktionlsa,FDP
https://www.tiktok.com/@gruenefraktionsh,Grüne
https://www.tiktok.com/@cdufraktionth,CDU/CSU
https://www.tiktok.com/@linke_thl,Linke
https://www.tiktok.com/@afd_thl,AfD
https://www.tiktok.com/@dieheimatdeutschland,Sonstige
https://www.tiktok.com/@piratenpartei,Sonstige
https://www.tiktok.com/@tierschutzpartei.de,Sonstige
https://www.tiktok.com/@familien.partei,Sonstige
https://www.tiktok.com/@diepartei,Sonstige
https://www.tiktok.com/@oedp.de,Sonstige
https://www.tiktok.com/@bigparteitv,Sonstige
https://www.tiktok.com/@kommunistischepartei.de,Sonstige
https://www.tiktok.com/@mlpd.de,Sonstige
https://www.tiktok.com/@bergpartei,Sonstige
https://www.tiktok.com/@partei_der_vernunft,Sonstige
https://www.tiktok.com/@buendnisc,Sonstige
https://www.tiktok.com/@dib.rlp,Sonstige
https://www.tiktok.com/@diegrauen_partei,Sonstige
https://www.tiktok.com/@dieurbane,Sonstige
https://www.tiktok.com/@menschlicheweltpartei,Sonstige
https://www.tiktok.com/@mieterpartei,Sonstige
https://www.tiktok.com/@pdh_eu,Sonstige
https://www.tiktok.com/@sgp_ikvi,Sonstige
https://www.tiktok.com/@vpartei,Sonstige
https://www.tiktok.com/@bvb_fw,Sonstige
https://www.tiktok.com/@dritteweg,Sonstige
https://www.tiktok.com/@diebasis.offiziell,Sonstige
https://www.tiktok.com/@voltdeutschland,Sonstige
https://www.tiktok.com/@todenhoefer,Sonstige
https://www.tiktok.com/@buendnis21,Sonstige
https://www.tiktok.com/@sgvpartei,Sonstige
https://www.tiktok.com/@pdf.bund,Sonstige
https://www.tiktok.com/@grauepanther,Sonstige
https://www.tiktok.com/@dieheimatpartei,Sonstige
https://www.tiktok.com/@lobbyistenfuerkinder,Sonstige
https://www.tiktok.com/@klimalistebw,Sonstige
https://www.tiktok.com/@Diesonstigen,Sonstige
https://www.tiktok.com/@wir2020partei,Sonstige
https://www.tiktok.com/@buendnisde,Sonstige
https://www.tiktok.com/@user4902742612032,SPD
https://www.tiktok.com/@jeannetteauricht,AfD
https://www.tiktok.com/@sevim_aydin_spd,SPD
https://www.tiktok.com/@fcmbecker,SPD
https://www.tiktok.com/@dr.kristinbrinker,AfD
https://www.tiktok.com/@hughbronson,AfD
https://www.tiktok.com/@franziska.brychcy,Linke
https://www.tiktok.com/@dennis.buchner.mda,SPD
https://www.tiktok.com/@lars.duesterhoeft_mda,SPD
https://www.tiktok.com/@roberteschricht,AfD
https://www.tiktok.com/@christopher.foerster,CDU/CSU
https://www.tiktok.com/@andreas.geisel.mda,SPD
https://www.tiktok.com/@politikinmode,Linke
https://www.tiktok.com/@ronaldglaeser,AfD
https://www.tiktok.com/@mirjamgolmspd,SPD
https://www.tiktok.com/@fc_hansel,AfD
https://www.tiktok.com/@ohassepass,Grüne
https://www.tiktok.com/@seeroiberjenny,Linke
https://www.tiktok.com/@politik_hopp,SPD
https://www.tiktok.com/@sandrakhalatbari,CDU/CSU
https://www.tiktok.com/@der_neukoellner,Linke
https://www.tiktok.com/@louisvonkrueger,Grüne
https://www.tiktok.com/@haraldlaatsch,AfD
https://www.tiktok.com/@gunnar.lindemann.mda,AfD
https://www.tiktok.com/@tamara.luedke,SPD
https://www.tiktok.com/@laaaleeeluuulaura,Grüne
https://www.tiktok.com/@jian.omar,Grüne
https://www.tiktok.com/@orkanoezdemir,SPD
https://www.tiktok.com/@niklasschenktein,Linke
https://www.tiktok.com/@sebschluesselburg,Linke
https://www.tiktok.com/@ines.schmidt.spd,Linke
https://www.tiktok.com/@nikschrader,Linke
https://www.tiktok.com/@andre.schulze.mda,Grüne
https://www.tiktok.com/@stephan.standfuss,CDU/CSU
https://www.tiktok.com/@dirk.stettner,CDU/CSU
https://www.tiktok.com/@tommy.tabor.mda,AfD
https://www.tiktok.com/@carstenubbelohdeafd,AfD
https://www.tiktok.com/@vallendarmarc,AfD
https://www.tiktok.com/@4ecke,SPD
https://www.tiktok.com/@christophwapler,Grüne
https://www.tiktok.com/@rolfwiedenhaupt,AfD
https://www.tiktok.com/@czyina,SPD
https://www.tiktok.com/@_dieter_arnold_afd_,AfD
https://www.tiktok.com/@daniel.artmann,CDU/CSU
https://www.tiktok.com/@joerg_baumann_mdl,AfD
https://www.tiktok.com/@konrad.baur,CDU/CSU
https://www.tiktok.com/@becherpolitik,Grüne
https://www.tiktok.com/@gebeckert3,CDU/CSU
https://www.tiktok.com/@andreabehr_mdl,CDU/CSU
https://www.tiktok.com/@maximilian_boeltl,CDU/CSU
https://www.tiktok.com/@cemal.bozoglu,Grüne
https://www.tiktok.com/@kerstin.celina,Grüne
https://www.tiktok.com/@renedierkesafd,AfD
https://www.tiktok.com/@stefanebner,CDU/CSU
https://www.tiktok.com/@politikniederbayern,AfD
https://www.tiktok.com/@susann.enders,Sonstige
https://www.tiktok.com/@alexanderflierl,CDU/CSU
https://www.tiktok.com/@patrickfriedlwue,Grüne
https://www.tiktok.com/@barbarafuchs_mdl,Grüne
https://www.tiktok.com/@mia.goller,Grüne
https://www.tiktok.com/@tobigotthardtmdl,Sonstige
https://www.tiktok.com/@sabinegross123,SPD
https://www.tiktok.com/@guttenbergermdl,CDU/CSU
https://www.tiktok.com/@prof.dr.ingohahn_mdl,AfD
https://www.tiktok.com/@daniel.halemba,AfD
https://www.tiktok.com/@josef.heisl,CDU/CSU
https://www.tiktok.com/@martin.huber,CDU/CSU
https://www.tiktok.com/@melanie.huml,CDU/CSU
https://www.tiktok.com/@marina.jakob.mdl,Sonstige
https://www.tiktok.com/@andreasjurca.afd,AfD
https://www.tiktok.com/@manuelknoll90,CDU/CSU
https://www.tiktok.com/@andreaskrahl0,Grüne
https://www.tiktok.com/@sannekurz,Grüne
https://www.tiktok.com/@lauschjosef,Sonstige
https://www.tiktok.com/@evalettenbauer,Grüne
https://www.tiktok.com/@felix_locke_fw,Sonstige
https://www.tiktok.com/@stefan_loew,AfD
https://www.tiktok.com/@roland_magerl,AfD
https://www.tiktok.com/@gerdmannes,AfD
https://www.tiktok.com/@stefanmeyer_mdl,CDU/CSU
https://www.tiktok.com/@benjaminmiskowitsch,CDU/CSU
https://www.tiktok.com/@xy_co13,CDU/CSU
https://www.tiktok.com/@ruthmuellerspd,SPD
https://www.tiktok.com/@benjamindnolte,AfD
https://www.tiktok.com/@thomas.pirner,CDU/CSU
https://www.tiktok.com/@bernhard.pohl,Sonstige
https://www.tiktok.com/@juliapost_muc,Grüne
https://www.tiktok.com/@julianpreidl,Sonstige
https://www.tiktok.com/@annarasehorn,SPD
https://www.tiktok.com/@doris.rauscher.landtag,SPD
https://www.tiktok.com/@elenaroonafd,AfD
https://www.tiktok.com/@josef.schmid,CDU/CSU
https://www.tiktok.com/@schorerdremel,CDU/CSU
https://www.tiktok.com/@kerstinschreyermdl,CDU/CSU
https://www.tiktok.com/@toni.schuberl.mdl,Grüne
https://www.tiktok.com/@stephie.schuhknecht,Grüne
https://www.tiktok.com/@katha_schulze,Grüne
https://www.tiktok.com/@thorsten.schwab,CDU/CSU
https://www.tiktok.com/@harald.schwartz,CDU/CSU
https://www.tiktok.com/@flosiekmann,Grüne
https://www.tiktok.com/@ulrichsingermdl,AfD
https://www.tiktok.com/@ralfunzensiert,AfD
https://www.tiktok.com/@ramonastorm,AfD
https://www.tiktok.com/@markusstriedlmdl,AfD
https://www.tiktok.com/@simone_strohmayr,SPD
https://www.tiktok.com/@martin.stuempfig,Grüne
https://www.tiktok.com/@arif.tasdelen.spd,SPD
https://www.tiktok.com/@petertomaschko,CDU/CSU
https://www.tiktok.com/@gabitriebelmdl,Grüne
https://www.tiktok.com/@steffenevogel,CDU/CSU
https://www.tiktok.com/@florian.von.brunn,SPD
https://www.tiktok.com/@markus_walbrunn,AfD
https://www.tiktok.com/@laurawebermdl,Grüne
https://www.tiktok.com/@katja.weitzel.spd,SPD
https://www.tiktok.com/@andywinhart,AfD
https://www.tiktok.com/@markus.blume,CDU/CSU
https://www.tiktok.com/@judith.gerlach.md,CDU/CSU
https://www.tiktok.com/@florian.herrmann,CDU/CSU
https://www.tiktok.com/@michaelakaniber,CDU/CSU
https://www.tiktok.com/@markus.soeder,CDU/CSU
https://www.tiktok.com/@genossinarpaz,SPD
https://www.tiktok.com/@suelmezcolak,SPD
https://www.tiktok.com/@sinadertwinkel,CDU/CSU
https://www.tiktok.com/@derikeicke,SPD
https://www.tiktok.com/@frank.imhoff,CDU/CSU
https://www.tiktok.com/@basem_khan,SPD
https://www.tiktok.com/@mlabetzke,Grüne
https://www.tiktok.com/@sofia.leonidakis,Linke
https://www.tiktok.com/@marcelschroederhb,FDP
https://www.tiktok.com/@strohmannheiko,CDU/CSU
https://www.tiktok.com/@franziska_tell,Grüne
https://www.tiktok.com/@jantimke_mdbb,Sonstige
https://www.tiktok.com/@wiebkewinter,CDU/CSU
https://www.tiktok.com/@dr.oguzhanyazici,CDU/CSU
https://www.tiktok.com/@simon.zeimke,CDU/CSU
https://www.tiktok.com/@andreasbovenschulte1,SPD
https://www.tiktok.com/@cem_berkkk,SPD
https://www.tiktok.com/@mary_blumenthal,Grüne
https://www.tiktok.com/@evabotzenhart,Grüne
https://www.tiktok.com/@martin.dolzer,Sonstige
https://www.tiktok.com/@rosa_domm,Grüne
https://www.tiktok.com/@olgafritzsche,Linke
https://www.tiktok.com/@astrid.hennies.md,SPD
https://www.tiktok.com/@clari_herbst,SPD
https://www.tiktok.com/@danial_ilkhanipour,SPD
https://www.tiktok.com/@sandro_kappe,CDU/CSU
https://www.tiktok.com/@simon.kuchinke,SPD
https://www.tiktok.com/@iftikharde,SPD
https://www.tiktok.com/@ivymaymueller,Sonstige
https://www.tiktok.com/@dirknockemannafd,AfD
https://www.tiktok.com/@barisoenes,SPD
https://www.tiktok.com/@cansu.oezdemir,Linke
https://www.tiktok.com/@olgapetersenafd,AfD
https://www.tiktok.com/@arne_platzbecker,SPD
https://www.tiktok.com/@richardseelmaecker,CDU/CSU
https://www.tiktok.com/@stoberock,SPD
https://www.tiktok.com/@sarahtimmann,SPD
https://www.tiktok.com/@yusuf.uzundag6,Grüne
https://www.tiktok.com/@michael.weinreich,SPD
https://www.tiktok.com/@patrick_appel,CDU/CSU
https://www.tiktok.com/@dirkbamberger,CDU/CSU
https://www.tiktok.com/@elkebarth_mdl,SPD
https://www.tiktok.com/@bauer.mdl,CDU/CSU
https://www.tiktok.com/@marcus.bocklet,Grüne
https://www.tiktok.com/@die_fraktionsvorsitzende,CDU/CSU
https://www.tiktok.com/@foersterheldmann,Grüne
https://www.tiktok.com/@nadinegersberg,SPD
https://www.tiktok.com/@jennifer.giessler.mdl,CDU/CSU
https://www.tiktok.com/@drfrankgrobe,AfD
https://www.tiktok.com/@nina.heidtsommer,SPD
https://www.tiktok.com/@birgitheitland,CDU/CSU
https://www.tiktok.com/@julia_herz_,Grüne
https://www.tiktok.com/@tanja.jost,CDU/CSU
https://www.tiktok.com/@wiebkeknell,FDP
https://www.tiktok.com/@msk_mdl,CDU/CSU
https://www.tiktok.com/@andreaslichert,AfD
https://www.tiktok.com/@felixmartin_gruen,Grüne
https://www.tiktok.com/@saschameier_mdl,Grüne
https://www.tiktok.com/@maximilian.mueger,Sonstige
https://www.tiktok.com/@stefan_naas_fdp,FDP
https://www.tiktok.com/@anna.nguyen.afd,AfD
https://www.tiktok.com/@jochen.roos,AfD
https://www.tiktok.com/@pascal_schleich,AfD
https://www.tiktok.com/@lucas_julius,CDU/CSU
https://www.tiktok.com/@christophsippel_,Grüne
https://www.tiktok.com/@franksteinraths,CDU/CSU
https://www.tiktok.com/@ostirboeck,FDP
https://www.tiktok.com/@oliver.ulloth,SPD
https://www.tiktok.com/@astridwallmann,CDU/CSU
https://www.tiktok.com/@turgutyueksel,SPD
https://www.tiktok.com/@christinziegler_m,CDU/CSU
https://www.tiktok.com/@timon.gremmels,SPD
https://www.tiktok.com/@torsten_arndt_afd,AfD
https://www.tiktok.com/@kristyaugustin,CDU/CSU
https://www.tiktok.com/@dr._christoph_berndt,AfD
https://www.tiktok.com/@birgit_bessin,AfD
https://www.tiktok.com/@frankbommert,CDU/CSU
https://www.tiktok.com/@julianbruening,CDU/CSU
https://www.tiktok.com/@peterdrenske,AfD
https://www.tiktok.com/@djdan653,CDU/CSU
https://www.tiktok.com/@benfilter,AfD
https://www.tiktok.com/@mensch.tina,SPD
https://www.tiktok.com/@rainergenilke,CDU/CSU
https://www.tiktok.com/@nadine.gramel,SPD
https://www.tiktok.com/@dennishohloch.afd,AfD
https://www.tiktok.com/@jeanpascal.hohm,AfD
https://www.tiktok.com/@lhuenich,AfD
https://www.tiktok.com/@steffenjohn_mdl,AfD
https://www.tiktok.com/@dominik.kaufner,AfD
https://www.tiktok.com/@lena.kotre,AfD
https://www.tiktok.com/@afd.kuffert,AfD
https://www.tiktok.com/@melanie.makoe,BSW
https://www.tiktok.com/@hankamittelstaedt,SPD
https://www.tiktok.com/@wilko_moeller,AfD
https://www.tiktok.com/@danielmuenschke,AfD
https://www.tiktok.com/@volker.nothing.md,AfD
https://www.tiktok.com/@dr.danielaoeynhausen,AfD
https://www.tiktok.com/@poschmannkatja,SPD
https://www.tiktok.com/@jan.redmann,CDU/CSU
https://www.tiktok.com/@wolfgang.roick.mdl,SPD
https://www.tiktok.com/@ju_sahi,SPD
https://www.tiktok.com/@simplepolitik,SPD
https://www.tiktok.com/@ines.aus.brandenb,SPD
https://www.tiktok.com/@oliverskopec,BSW
https://www.tiktok.com/@matthias.steinfurth,SPD
https://www.tiktok.com/@erikstohn,SPD
https://www.tiktok.com/@felixhwteichner,AfD
https://www.tiktok.com/@nicole.waltermundt,CDU/CSU
https://www.tiktok.com/@annemarie_wolff_,SPD
https://www.tiktok.com/@tim.zimmermann,AfD
https://www.tiktok.com/@ahrtimo,SPD
https://www.tiktok.com/@pascal.arweiler,SPD
https://www.tiktok.com/@kiri_braun,SPD
https://www.tiktok.com/@pascal_conigliaro,SPD
https://www.tiktok.com/@sascha.haas.de,SPD
https://www.tiktok.com/@reka.klein,SPD
https://www.tiktok.com/@davidmaasz,SPD
https://www.tiktok.com/@sandra.quinten.md,SPD
https://www.tiktok.com/@reiterjonas,CDU/CSU
https://www.tiktok.com/@florian.schaefer6,SPD
https://www.tiktok.com/@damhatsisamci,SPD
https://www.tiktok.com/@marcspeicher,CDU/CSU
https://www.tiktok.com/@alwintheobald,CDU/CSU
https://www.tiktok.com/@frank.wagner977,CDU/CSU
https://www.tiktok.com/@anja_wagner_scheid,CDU/CSU
https://www.tiktok.com/@berndwegner,CDU/CSU
https://www.tiktok.com/@pdacu,SPD
https://www.tiktok.com/@hannes.damm,Grüne
https://www.tiktok.com/@thomasdiener712,CDU/CSU
https://www.tiktok.com/@rene.domke.fdp,FDP
https://www.tiktok.com/@petrafederau,AfD
https://www.tiktok.com/@horst.foerster,AfD
https://www.tiktok.com/@beatrix.hegenkoetter,SPD
https://www.tiktok.com/@nadinejulitz,SPD
https://www.tiktok.com/@nikolaushgw,AfD
https://www.tiktok.com/@evamariakroeger,Linke
https://www.tiktok.com/@michael_noetzel,Linke
https://www.tiktok.com/@robertnorthoff,SPD
https://www.tiktok.com/@enrico.schult,AfD
https://www.tiktok.com/@wkb.dirk.stamer,SPD
https://www.tiktok.com/@thoresteinafd,AfD
https://www.tiktok.com/@janphillip_tadsen,AfD
https://www.tiktok.com/@paultimm_afdmv,AfD
https://www.tiktok.com/@svanbaal,FDP
https://www.tiktok.com/@annchristinvonallwoerden,CDU/CSU
https://www.tiktok.com/@bernhardt.jacqueline,Linke
https://www.tiktok.com/@achtermeyer,Grüne
https://www.tiktok.com/@nina.andrieshen,SPD
https://www.tiktok.com/@alexander.baer,SPD
https://www.tiktok.com/@rodion.bakum,SPD
https://www.tiktok.com/@volkanbaranmdl,SPD
https://www.tiktok.com/@inabesche_krastl,Grüne
https://www.tiktok.com/@ingeblask,SPD
https://www.tiktok.com/@peter.blumenrath,CDU/CSU
https://www.tiktok.com/@inablumenthal,SPD
https://www.tiktok.com/@frank_boerner,SPD
https://www.tiktok.com/@flobraun,CDU/CSU
https://www.tiktok.com/@dietmarbrockes,FDP
https://www.tiktok.com/@andreabusche,SPD
https://www.tiktok.com/@anja.butschkau,SPD
https://www.tiktok.com/@carloclemens_afd,AfD
https://www.tiktok.com/@freddycordes,SPD
https://www.tiktok.com/@norika.creuzmann,Grüne
https://www.tiktok.com/@dorothea_deppermann,Grüne
https://www.tiktok.com/@guido_deus,CDU/CSU
https://www.tiktok.com/@tuelaydurdu,SPD
https://www.tiktok.com/@goenueleglence,Grüne
https://www.tiktok.com/@juliaeisentraut,Grüne
https://www.tiktok.com/@dilek.enginmdl,SPD
https://www.tiktok.com/@klausesser_nrw,AfD
https://www.tiktok.com/@bjoern.franken,CDU/CSU
https://www.tiktok.com/@katharinagebauer99877,CDU/CSU
https://www.tiktok.com/@silviagosewinkel,SPD
https://www.tiktok.com/@marcelhafke,FDP
https://www.tiktok.com/@dagmarhanses,Grüne
https://www.tiktok.com/@henninghoene,FDP
https://www.tiktok.com/@gregorkaiser_,Grüne
https://www.tiktok.com/@stefan_kaemmerling,SPD
https://www.tiktok.com/@christinakampmann4,SPD
https://www.tiktok.com/@lisakapteinat,SPD
https://www.tiktok.com/@annateresakavena,SPD
https://www.tiktok.com/@arndtklocke,Grüne
https://www.tiktok.com/@robin__korte,Grüne
https://www.tiktok.com/@christian_loose_mdl,AfD
https://www.tiktok.com/@dennis.maelzer,SPD
https://www.tiktok.com/@vonmarenholtz,Grüne
https://www.tiktok.com/@janmatzoll,Grüne
https://www.tiktok.com/@mueller_rech,FDP
https://www.tiktok.com/@jensnettekoven,CDU/CSU
https://www.tiktok.com/@christina.osei1,Grüne
https://www.tiktok.com/@jochenott,SPD
https://www.tiktok.com/@laura.postma.mdl,Grüne
https://www.tiktok.com/@benjaminrauer1401,Grüne
https://www.tiktok.com/@simonrockmdl,Grüne
https://www.tiktok.com/@roelsleitmann,Grüne
https://www.tiktok.com/@daniel_scheen_pauls,CDU/CSU
https://www.tiktok.com/@duesselschmitz,CDU/CSU
https://www.tiktok.com/@reneschneider76,SPD
https://www.tiktok.com/@ralfmschwarzkopf,CDU/CSU
https://www.tiktok.com/@enxhiselizacharias,AfD
https://www.tiktok.com/@christinsiebel,SPD
https://www.tiktok.com/@dennissonne,Grüne
https://www.tiktok.com/@christin_marie_stamm,SPD
https://www.tiktok.com/@ellen.stock,SPD
https://www.tiktok.com/@hedwigtarner,Grüne
https://www.tiktok.com/@lenateschlade,SPD
https://www.tiktok.com/@meral_thoms,Grüne
https://www.tiktok.com/@svenwtritschler,AfD
https://www.tiktok.com/@untrieser,CDU/CSU
https://www.tiktok.com/@martin.vincentz,AfD
https://www.tiktok.com/@astridvogelheim,Grüne
https://www.tiktok.com/@alexander.vogt,SPD
https://www.tiktok.com/@markuswagnerafd,AfD
https://www.tiktok.com/@julewenzel,Grüne
https://www.tiktok.com/@volkhard.wille,Grüne
https://www.tiktok.com/@danielzerbin.afd,AfD
https://www.tiktok.com/@zimmermannsmarc,Grüne
https://www.tiktok.com/@lenazingsheimzobel,Grüne
https://www.tiktok.com/@inabrandes,CDU/CSU
https://www.tiktok.com/@sabine_baetzing,SPD
https://www.tiktok.com/@dr..jan.bollinger,AfD
https://www.tiktok.com/@dirkherber.mdl,CDU/CSU
https://www.tiktok.com/@cebevh,Grüne
https://www.tiktok.com/@lisamariejeckelfw,Sonstige
https://www.tiktok.com/@nina.klinkel,SPD
https://www.tiktok.com/@annakoebberling,SPD
https://www.tiktok.com/@markuskropfreite8,SPD
https://www.tiktok.com/@patrickkunz.mdl,Sonstige
https://www.tiktok.com/@oliver.kusch.spd,SPD
https://www.tiktok.com/@damianlohr,AfD
https://www.tiktok.com/@susannemueller.mdl,SPD
https://www.tiktok.com/@iris.nieland,AfD
https://www.tiktok.com/@joachim.paul.afd,AfD
https://www.tiktok.com/@piaschellhammer,Grüne
https://www.tiktok.com/@claus.schick,SPD
https://www.tiktok.com/@martinschmidtalpha,AfD
https://www.tiktok.com/@gordon.schnieder,CDU/CSU
https://www.tiktok.com/@gregory.scholz,SPD
https://www.tiktok.com/@mstein_official,SPD
https://www.tiktok.com/@teubersven,SPD
https://www.tiktok.com/@steven_wink,FDP
https://www.tiktok.com/@alex.schweitzerrlp,SPD
https://www.tiktok.com/@wolfgangaldag_mdl,Grüne
https://www.tiktok.com/@wahrheitkannwehtun,AfD
https://www.tiktok.com/@kerstin.eisenreich,Linke
https://www.tiktok.com/@ruediger_erben,SPD
https://www.tiktok.com/@stefangebhardt91,Linke
https://www.tiktok.com/@falkogrubemd,SPD
https://www.tiktok.com/@christianhechtafd,AfD
https://www.tiktok.com/@monika.hohmann,Linke
https://www.tiktok.com/@oliverkirchnerafd,AfD
https://www.tiktok.com/@gordon.koehler,AfD
https://www.tiktok.com/@piccolo2907,AfD
https://www.tiktok.com/@guidokosmehl,FDP
https://www.tiktok.com/@hannesloth,AfD
https://www.tiktok.com/@connylueddemann,Grüne
https://www.tiktok.com/@elridpasbrig,SPD
https://www.tiktok.com/@pottenzyal,FDP
https://www.tiktok.com/@roidaniel,AfD
https://www.tiktok.com/@stefan.ruland.bbg,CDU/CSU
https://www.tiktok.com/@mutzurwahrheit90,AfD
https://www.tiktok.com/@andreas.silbersack,FDP
https://www.tiktok.com/@elke.simon.kuch,CDU/CSU
https://www.tiktok.com/@striegse,Grüne
https://www.tiktok.com/@danielsturm04,CDU/CSU
https://www.tiktok.com/@suse.sziborraseid,Grüne
https://www.tiktok.com/@tessmanntim,CDU/CSU
https://www.tiktok.com/@wahrheitundklarheit,AfD
https://www.tiktok.com/@evavonangern,Linke
https://www.tiktok.com/@lotharwaehler_afd,AfD
https://www.tiktok.com/@danielwald.mdl,AfD
https://www.tiktok.com/@lydia_hueskens,FDP
https://www.tiktok.com/@muhterem_aras,Grüne
https://www.tiktok.com/@rainer.balzer,AfD
https://www.tiktok.com/@anton.baron.mdl,AfD
https://www.tiktok.com/@andre_baumann,Grüne
https://www.tiktok.com/@saschabinderspd,SPD
https://www.tiktok.com/@dennis.birnstock,FDP
https://www.tiktok.com/@daniel.born.mdl,SPD
https://www.tiktok.com/@sandra.boser.mdl,Grüne
https://www.tiktok.com/@ayla.cataltepe,Grüne
https://www.tiktok.com/@bernhardeisenhut,AfD
https://www.tiktok.com/@nicolasfinkmdl,SPD
https://www.tiktok.com/@stefan_fulst_blei,SPD
https://www.tiktok.com/@silke.gericke,Grüne
https://www.tiktok.com/@marilenageugjes,Grüne
https://www.tiktok.com/@hansjuergengossnermdl,AfD
https://www.tiktok.com/@friedrich.haag,FDP
https://www.tiktok.com/@martin_hahn_,Grüne
https://www.tiktok.com/@jochen.haussmann,FDP
https://www.tiktok.com/@georgheitlinger,FDP
https://www.tiktok.com/@druwehellstern,AfD
https://www.tiktok.com/@jonas.hoffmann.mdl,SPD
https://www.tiktok.com/@klaushoher,FDP
https://www.tiktok.com/@cindyholmbergbw,Grüne
https://www.tiktok.com/@christianjungmdl,FDP
https://www.tiktok.com/@miguel_klauss,AfD
https://www.tiktok.com/@ruediger.klos.mdl,AfD
https://www.tiktok.com/@erwin.koehler.mdl,Grüne
https://www.tiktok.com/@lindenschmid,AfD
https://www.tiktok.com/@andrea.lindlohr.mdl,Grüne
https://www.tiktok.com/@siegfried_lorek,CDU/CSU
https://www.tiktok.com/@ralf.nentwich,Grüne
https://www.tiktok.com/@niklasnuessle,Grüne
https://www.tiktok.com/@nataliepfauweller,CDU/CSU
https://www.tiktok.com/@reithniko,FDP
https://www.tiktok.com/@martinrivoir,SPD
https://www.tiktok.com/@janpeterroederer,SPD
https://www.tiktok.com/@gabi.rolland,SPD
https://www.tiktok.com/@ruelke,FDP
https://www.tiktok.com/@ruben.rupp,AfD
https://www.tiktok.com/@nadyne_saint_cast,Grüne
https://www.tiktok.com/@katrinschindele,CDU/CSU
https://www.tiktok.com/@erik.schweickert,FDP
https://www.tiktok.com/@udosteinmdl,AfD
https://www.tiktok.com/@steinhuelbjoos,SPD
https://www.tiktok.com/@joachimsteyer,AfD
https://www.tiktok.com/@andreas.stoch,SPD
https://www.tiktok.com/@hanspeter_storz_m,SPD
https://www.tiktok.com/@andreassturm,CDU/CSU
https://www.tiktok.com/@tayfun.tok1,Grüne
https://www.tiktok.com/@fadime_tuncer_,Grüne
https://www.tiktok.com/@florian.wahl,SPD
https://www.tiktok.com/@jonaswebermdl,SPD
https://www.tiktok.com/@carolawolleafd,AfD
https://www.tiktok.com/@peterhauk.mdl,CDU/CSU
https://www.tiktok.com/@bernd.althusmann3,CDU/CSU
https://www.tiktok.com/@brianbaatzschmdl,SPD
https://www.tiktok.com/@volkerbajus,Grüne
https://www.tiktok.com/@anna_bauseneick_mdl,CDU/CSU
https://www.tiktok.com/@sinabeckmann4,Grüne
https://www.tiktok.com/@vanessabehrendt45,AfD
https://www.tiktok.com/@nico.bloem,SPD
https://www.tiktok.com/@verobogra,CDU/CSU
https://www.tiktok.com/@stephanbothe1,AfD
https://www.tiktok.com/@saskiabuschmann,CDU/CSU
https://www.tiktok.com/@christian.calderone.mdl,CDU/CSU
https://www.tiktok.com/@derstephchrist,Grüne
https://www.tiktok.com/@alfred.dannenberg,AfD
https://www.tiktok.com/@djenadh,Grüne
https://www.tiktok.com/@joerndomeier,SPD
https://www.tiktok.com/@uwe_dorendorf,CDU/CSU
https://www.tiktok.com/@oliver.ebken,SPD
https://www.tiktok.com/@christianfuehner,CDU/CSU
https://www.tiktok.com/@martengaede,SPD
https://www.tiktok.com/@immacolata.glosemeyer,SPD
https://www.tiktok.com/@constantin.grosch,SPD
https://www.tiktok.com/@thoregldner,SPD
https://www.tiktok.com/@carinahermann407,CDU/CSU
https://www.tiktok.com/@laurahopmann,CDU/CSU
https://www.tiktok.com/@afd.dennis.jahn,AfD
https://www.tiktok.com/@metajanssenkucz,Grüne
https://www.tiktok.com/@verena_kaemmerling,CDU/CSU
https://www.tiktok.com/@renek44018102426,SPD
https://www.tiktok.com/@holger_kuehnlenz.mdl,AfD
https://www.tiktok.com/@anne_kura,Grüne
https://www.tiktok.com/@kirsikkalansmann,SPD
https://www.tiktok.com/@pascalleddin,Grüne
https://www.tiktok.com/@doerteliebetruth,SPD
https://www.tiktok.com/@peerlilienthalmdl,AfD
https://www.tiktok.com/@logisch_logemann,SPD
https://www.tiktok.com/@cindylutz.wob,CDU/CSU
https://www.tiktok.com/@martinamachulla,CDU/CSU
https://www.tiktok.com/@afdgifhorn,AfD
https://www.tiktok.com/@pascalmennen,Grüne
https://www.tiktok.com/@bjoernmeyerammerland,SPD
https://www.tiktok.com/@einervonunsinhannover,CDU/CSU
https://www.tiktok.com/@thoddy3,AfD
https://www.tiktok.com/@omidnajafi.afd,AfD
https://www.tiktok.com/@stefanpolitze,SPD
https://www.tiktok.com/@ulf_prange_mdl,SPD
https://www.tiktok.com/@marcelqueckemeyer,AfD
https://www.tiktok.com/@sophie_ramdor,CDU/CSU
https://www.tiktok.com/@philipp.raulfs,SPD
https://www.tiktok.com/@harm.rykena,AfD
https://www.tiktok.com/@swantjekristina0,Grüne
https://www.tiktok.com/@ansgarschledde6,AfD
https://www.tiktok.com/@juliusschneiderspd,SPD
https://www.tiktok.com/@pippa.schneider,Grüne
https://www.tiktok.com/@janschroeder_spd,SPD
https://www.tiktok.com/@jessicaschuelke1,AfD
https://www.tiktok.com/@claudiaschuessler1,SPD
https://www.tiktok.com/@clausseebeck,CDU/CSU
https://www.tiktok.com/@wiardsiebels,SPD
https://www.tiktok.com/@ghtonne,SPD
https://www.tiktok.com/@eva_viehoff,Grüne
https://www.tiktok.com/@christoph.willeke,SPD
https://www.tiktok.com/@timfluencer,SPD
https://www.tiktok.com/@sebastian.zinke,SPD
https://www.tiktok.com/@daniela.behrens,SPD
https://www.tiktok.com/@olaf.lies,SPD
https://www.tiktok.com/@falkomohrs,SPD
https://www.tiktok.com/@peterbachmann3,AfD
https://www.tiktok.com/@mario.beger,AfD
https://www.tiktok.com/@conrad.clemens,CDU/CSU
https://www.tiktok.com/@jonas.duenzel,AfD
https://www.tiktok.com/@sveneppingerradebeul,CDU/CSU
https://www.tiktok.com/@hgassfrctnb,CDU/CSU
https://www.tiktok.com/@gebhardtrico,Linke
https://www.tiktok.com/@sandragockel,CDU/CSU
https://www.tiktok.com/@heikogumprecht,AfD
https://www.tiktok.com/@stefanhartlinks,Linke
https://www.tiktok.com/@henning.homann,SPD
https://www.tiktok.com/@carsten_huetter,AfD
https://www.tiktok.com/@martina_jost_afd,AfD
https://www.tiktok.com/@thomas_kirste,AfD
https://www.tiktok.com/@sophiekochj,SPD
https://www.tiktok.com/@dr.frankkromer,CDU/CSU
https://www.tiktok.com/@danielakuge,CDU/CSU
https://www.tiktok.com/@roberto.kuhnert,AfD
https://www.tiktok.com/@chmelcher,Grüne
https://www.tiktok.com/@namduy.nguyen,Linke
https://www.tiktok.com/@nicolauskerstin,CDU/CSU
https://www.tiktok.com/@arthur.oesterle,AfD
https://www.tiktok.com/@albrechtpallas,SPD
https://www.tiktok.com/@frankpeschel_afd,AfD
https://www.tiktok.com/@ritterkay,CDU/CSU
https://www.tiktok.com/@wolfdietrich.rost,CDU/CSU
https://www.tiktok.com/@marko.schiemann,CDU/CSU
https://www.tiktok.com/@laurastellbrink,SPD
https://www.tiktok.com/@thomasthumm,AfD
https://www.tiktok.com/@sren.voigt.vogtla,CDU/CSU
https://www.tiktok.com/@andre_wendt_afd,AfD
https://www.tiktok.com/@alexander_wiesner,AfD
https://www.tiktok.com/@sebastian_wippel,AfD
https://www.tiktok.com/@michaelkretschmer.privat,CDU/CSU
https://www.tiktok.com/@petrakoepping,SPD
https://www.tiktok.com/@katja.meier04,Grüne
https://www.tiktok.com/@martinbalasus,CDU/CSU
https://www.tiktok.com/@jasper_balke,Grüne
https://www.tiktok.com/@micheldeckmann,CDU/CSU
https://www.tiktok.com/@n.duerbrook,SPD
https://www.tiktok.com/@landtagslehrermartin,SPD
https://www.tiktok.com/@rixakleinschmit,CDU/CSU
https://www.tiktok.com/@maltejkr,Grüne
https://www.tiktok.com/@kumbartzky,FDP
https://www.tiktok.com/@catharinanies,Grüne
https://www.tiktok.com/@sybillanitsch1,Sonstige
https://www.tiktok.com/@politiker.patrick.pender,CDU/CSU
https://www.tiktok.com/@l_petersdotter,Grüne
https://www.tiktok.com/@beateraudies,SPD
https://www.tiktok.com/@sophiaschiebemdl,SPD
https://www.tiktok.com/@nellywaldeck,Grüne
https://www.tiktok.com/@utawentzel,CDU/CSU
https://www.tiktok.com/@karinprien,CDU/CSU
https://www.tiktok.com/@aminajmina,Grüne
https://www.tiktok.com/@jan.abicht,AfD
https://www.tiktok.com/@thomasbenninghaus,AfD
https://www.tiktok.com/@melaniebergerafd,AfD
https://www.tiktok.com/@andreasbuehl,CDU/CSU
https://www.tiktok.com/@cottaafd,AfD
https://www.tiktok.com/@lenasaniyeguengoer,Linke
https://www.tiktok.com/@danielhaseloff.afd,AfD
https://www.tiktok.com/@denis.huer.afd,AfD
https://www.tiktok.com/@martin.henkel,CDU/CSU
https://www.tiktok.com/@bjoernhoecke,AfD
https://www.tiktok.com/@dennyjankowski,AfD
https://www.tiktok.com/@kobelt.landtag,BSW
https://www.tiktok.com/@katharinakoenig_preuss,Linke
https://www.tiktok.com/@uwe.krell,AfD
https://www.tiktok.com/@dieterlaudenbach1,AfD
https://www.tiktok.com/@lutz.liebscher,SPD
https://www.tiktok.com/@die_meissner,CDU/CSU
https://www.tiktok.com/@stefan.moeller.afd,AfD
https://www.tiktok.com/@rimuehl,AfD
https://www.tiktok.com/@wiebke.muhsal,AfD
https://www.tiktok.com/@anja.mueller.thl,Linke
https://www.tiktok.com/@steffen.quasebarth,BSW
https://www.tiktok.com/@bloodsuckinglawyer,AfD
https://www.tiktok.com/@dr.cornelia.urban,SPD
https://www.tiktok.com/@mario.voigt8,CDU/CSU
https://www.tiktok.com/@team.henryworm,CDU/CSU
https://www.tiktok.com/@chrizi17,CDU/CSU
https://www.tiktok.com/@bodo.ramelow,Linke
https://www.tiktok.com/@benjamin_immanuel_hoff,Linke
https://www.tiktok.com/@dermenschmaier,SPD
https://www.tiktok.com/@mep_christine_anderson,AfD
https://www.tiktok.com/@rasmusandresen,Grüne
https://www.tiktok.com/@anja_arndt_afd,AfD
https://www.tiktok.com/@rene__aust,AfD
https://www.tiktok.com/@katarina.barley,SPD
https://www.tiktok.com/@arnobausemer_afd,AfD
https://www.tiktok.com/@gaby.bischoff,SPD
https://www.tiktok.com/@michael_bloss,Grüne
https://www.tiktok.com/@dboeselager,Sonstige
https://www.tiktok.com/@markus.buchheit,AfD
https://www.tiktok.com/@delarabur,SPD
https://www.tiktok.com/@petrbystronafd,AfD
https://www.tiktok.com/@daniel.caspary,CDU/CSU
https://www.tiktok.com/@anna_cavazzini,Grüne
https://www.tiktok.com/@oezlem.demirel.mep,Linke
https://www.tiktok.com/@christiandoleschal,CDU/CSU
https://www.tiktok.com/@mattecke,SPD
https://www.tiktok.com/@sebastian.everding,Sonstige
https://www.tiktok.com/@daniel_freund,Grüne
https://www.tiktok.com/@tomasz.froelich,AfD
https://www.tiktok.com/@alexandrageese,Grüne
https://www.tiktok.com/@helmutgeuking,Sonstige
https://www.tiktok.com/@martinhaeusling,Grüne
https://www.tiktok.com/@marc_jongen,AfD
https://www.tiktok.com/@alexanderjungbluth,AfD
https://www.tiktok.com/@mary.khan94,AfD
https://www.tiktok.com/@moritz_koerner,FDP
https://www.tiktok.com/@maximilian_krah,AfD
https://www.tiktok.com/@europakatrin.lang,Grüne
https://www.tiktok.com/@erikmarquardt,Grüne
https://www.tiktok.com/@prof.hans.neuhoff,AfD
https://www.tiktok.com/@hneumannmep,Grüne
https://www.tiktok.com/@friedrich.puerner,BSW
https://www.tiktok.com/@carorackete,Sonstige
https://www.tiktok.com/@terry.reintke,Grüne
https://www.tiktok.com/@sabrina.repp,SPD
https://www.tiktok.com/@schirdewanmartin,Linke
https://www.tiktok.com/@alexsellberlin,AfD
https://www.tiktok.com/@lukas.sieper,Sonstige
https://www.tiktok.com/@svensimonmep,CDU/CSU
https://www.tiktok.com/@martin.sonneborn,Sonstige
https://www.tiktok.com/@strackzimmermann,FDP
https://www.tiktok.com/@sabine.verheyen,CDU/CSU
https://www.tiktok.com/@marion.walsmann,CDU/CSU
https://www.tiktok.com/@woelken,SPD
https://www.tiktok.com/@valentinabel_mdb,FDP
https://www.tiktok.com/@goekayakbulut,Linke
https://www.tiktok.com/@reem.alabali,SPD
https://www.tiktok.com/@stephanalbanimdb,CDU/CSU
https://www.tiktok.com/@al_halak,FDP
https://www.tiktok.com/@amtsberg.luise_mdb.1,Grüne
https://www.tiktok.com/@johannesarlt,SPD
https://www.tiktok.com/@andreas.audretsch,Grüne
https://www.tiktok.com/@peter_aumer,CDU/CSU
https://www.tiktok.com/@maikaussendorf,Grüne
https://www.tiktok.com/@tbbacherle,Grüne
https://www.tiktok.com/@carolin_bachmann_mdb,AfD
https://www.tiktok.com/@badumlisa,Grüne
https://www.tiktok.com/@mdbaldy,SPD
https://www.tiktok.com/@felixbanaszak,Grüne
https://www.tiktok.com/@dorobaer,CDU/CSU
https://www.tiktok.com/@nezahatbaradari,SPD
https://www.tiktok.com/@dietmarbartsch,Linke
https://www.tiktok.com/@bundesbartz,SPD
https://www.tiktok.com/@baerbelbas,SPD
https://www.tiktok.com/@christinabaumafd,AfD
https://www.tiktok.com/@drberndbaumann,AfD
https://www.tiktok.com/@frauanwaeltin,Grüne
https://www.tiktok.com/@katharina_beck,Grüne
https://www.tiktok.com/@roger_beckamp,AfD
https://www.tiktok.com/@dr.holger.becker,SPD
https://www.tiktok.com/@benner_lukas,Grüne
https://www.tiktok.com/@marcbernhard,AfD
https://www.tiktok.com/@steffenbilgermdb,CDU/CSU
https://www.tiktok.com/@jakob_blankenburg,SPD
https://www.tiktok.com/@renebochmann,AfD
https://www.tiktok.com/@ingobodtke,FDP
https://www.tiktok.com/@pboehringer,AfD
https://www.tiktok.com/@friedhelm.boginski,FDP
https://www.tiktok.com/@gereonbollmann,AfD
https://www.tiktok.com/@simone.borchardt,CDU/CSU
https://www.tiktok.com/@mario.brandenburg,FDP
https://www.tiktok.com/@brandesdirk,AfD
https://www.tiktok.com/@brandner_afd,AfD
https://www.tiktok.com/@franziska.brantner,Grüne
https://www.tiktok.com/@juergenbraunmdb,AfD
https://www.tiktok.com/@silviabreher1,CDU/CSU
https://www.tiktok.com/@lenibreymaier,SPD
https://www.tiktok.com/@dieabgeordnete,FDP
https://www.tiktok.com/@katrin.budde,SPD
https://www.tiktok.com/@marcus_buehl,AfD
https://www.tiktok.com/@clara_buenger,Linke
https://www.tiktok.com/@yannick_bury,CDU/CSU
https://www.tiktok.com/@marco_buschmann,FDP
https://www.tiktok.com/@karlheinz.busen,FDP
https://www.tiktok.com/@isabel.cademartori,SPD
https://www.tiktok.com/@lars.castellucci,SPD
https://www.tiktok.com/@anna.christmann.mdb,Grüne
https://www.tiktok.com/@tino.chrupalla.afd,AfD
https://www.tiktok.com/@joana_cotar,Sonstige
https://www.tiktok.com/@gottfriedcurio,AfD
https://www.tiktok.com/@mario.czaja,CDU/CSU
https://www.tiktok.com/@sevim.dagdelenmdb,BSW
https://www.tiktok.com/@bernharddaldrup,SPD
https://www.tiktok.com/@danieladeridder,SPD
https://www.tiktok.com/@ekin_deligoez,Grüne
https://www.tiktok.com/@hakandemirnk,SPD
https://www.tiktok.com/@sandradetzermdb,Grüne
https://www.tiktok.com/@politikmitkaramba,SPD
https://www.tiktok.com/@martindiedenhofenmdb,SPD
https://www.tiktok.com/@jandieren,SPD
https://www.tiktok.com/@bijan_djirsarai,FDP
https://www.tiktok.com/@doering.felix,SPD
https://www.tiktok.com/@catarina_mdb,CDU/CSU
https://www.tiktok.com/@katharina.droege,Grüne
https://www.tiktok.com/@debbieduering,Grüne
https://www.tiktok.com/@christianduerr,FDP
https://www.tiktok.com/@leckert_,Grüne
https://www.tiktok.com/@thomas.ehrhorn,AfD
https://www.tiktok.com/@sonja.eichwede,SPD
https://www.tiktok.com/@herr_emmerich,Grüne
https://www.tiktok.com/@mek_englhardtkopf,CDU/CSU
https://www.tiktok.com/@thomas.erndl,CDU/CSU
https://www.tiktok.com/@dr_espendiller,AfD
https://www.tiktok.com/@marcusfaberfdp,FDP
https://www.tiktok.com/@ariane.fscher,SPD
https://www.tiktok.com/@peterfelser_mdb,AfD
https://www.tiktok.com/@susanneferschl,Linke
https://www.tiktok.com/@emiliafester,Grüne
https://www.tiktok.com/@fiedelseb,SPD
https://www.tiktok.com/@dfoest,FDP
https://www.tiktok.com/@dietmar.friedhoff.mdb,AfD
https://www.tiktok.com/@michael.frieser.mdb,CDU/CSU
https://www.tiktok.com/@markusfrohnmaier,AfD
https://www.tiktok.com/@goetzfroemming,AfD
https://www.tiktok.com/@fabianfunke.spd,SPD
https://www.tiktok.com/@max_fksr,FDP
https://www.tiktok.com/@tessa.ganserer,Grüne
https://www.tiktok.com/@matthias.gastel,Grüne
https://www.tiktok.com/@thomas.gebhart,CDU/CSU
https://www.tiktok.com/@kai.gehring,Grüne
https://www.tiktok.com/@der_geissler,CDU/CSU
https://www.tiktok.com/@stefangelbhaar,Grüne
https://www.tiktok.com/@janni_gesenhues,Grüne
https://www.tiktok.com/@albrecht_glaser_mdb,AfD
https://www.tiktok.com/@hannesgnauck,AfD
https://www.tiktok.com/@nicole.gohlke,Linke
https://www.tiktok.com/@kaygottschalk,AfD
https://www.tiktok.com/@fabian_gramling,CDU/CSU
https://www.tiktok.com/@inge.graessle,CDU/CSU
https://www.tiktok.com/@sharon.salazar2,SPD
https://www.tiktok.com/@nilsgruender,FDP
https://www.tiktok.com/@erhard.grundl.mdb,Grüne
https://www.tiktok.com/@juliangruenke,FDP
https://www.tiktok.com/@sabine_gruetzmacher,Grüne
https://www.tiktok.com/@serapguelermdb,CDU/CSU
https://www.tiktok.com/@atesguerpinar,Linke
https://www.tiktok.com/@olav.gutting,CDU/CSU
https://www.tiktok.com/@gregorgysi48,Linke
https://www.tiktok.com/@ritahaglkehl,SPD
https://www.tiktok.com/@user723357909253568,CDU/CSU
https://www.tiktok.com/@metin.hakverdi,SPD
https://www.tiktok.com/@matthias.hauer.mdb,CDU/CSU
https://www.tiktok.com/@jochenhaug_mdb,AfD
https://www.tiktok.com/@peterheidt,FDP
https://www.tiktok.com/@matthias_helferich,AfD
https://www.tiktok.com/@kathrin.henneberger,Grüne
https://www.tiktok.com/@anke_hennig_bundestag,SPD
https://www.tiktok.com/@marc.henrichmann,CDU/CSU
https://www.tiktok.com/@bernhard.herrmann3,Grüne
https://www.tiktok.com/@bundestagsabgeordnete,SPD
https://www.tiktok.com/@martin_hess_klartext,AfD
https://www.tiktok.com/@hesselkatja,FDP
https://www.tiktok.com/@heikeheubachspd,SPD
https://www.tiktok.com/@susannehierl,CDU/CSU
https://www.tiktok.com/@karstenhilseafd,AfD
https://www.tiktok.com/@nicolehoechst_mdb,AfD
https://www.tiktok.com/@gero.hocker,FDP
https://www.tiktok.com/@manuelhoeferlin,FDP
https://www.tiktok.com/@alexander.hoffmann_mdb,CDU/CSU
https://www.tiktok.com/@toni.hofreiter,Grüne
https://www.tiktok.com/@leiferikholm,AfD
https://www.tiktok.com/@bruno.hoenel.mdb,Grüne
https://www.tiktok.com/@jasmina.hostert,SPD
https://www.tiktok.com/@reinhard.houben,FDP
https://www.tiktok.com/@johannes.huber.mdb,Sonstige
https://www.tiktok.com/@verenahubertz,SPD
https://www.tiktok.com/@markus_huempfer,SPD
https://www.tiktok.com/@andrej.konstantin2,BSW
https://www.tiktok.com/@gerrithuy,AfD
https://www.tiktok.com/@dieterjanecek,Grüne
https://www.tiktok.com/@steffenjanich,AfD
https://www.tiktok.com/@anne_janssen_26,CDU/CSU
https://www.tiktok.com/@thomas_jarzombek,CDU/CSU
https://www.tiktok.com/@fjunge,SPD
https://www.tiktok.com/@josip.mdb,SPD
https://www.tiktok.com/@avjurisch,FDP
https://www.tiktok.com/@lamyakaddor,Grüne
https://www.tiktok.com/@elisabeth.kaiser.th,SPD
https://www.tiktok.com/@macit_mdb,SPD
https://www.tiktok.com/@carloskaspermdb,SPD
https://www.tiktok.com/@anna.kassautzki,SPD
https://www.tiktok.com/@malte.kaufmann,AfD
https://www.tiktok.com/@kaufmannm,AfD
https://www.tiktok.com/@ulmer_ronja,CDU/CSU
https://www.tiktok.com/@stefan_keuter,AfD
https://www.tiktok.com/@misbah_s_khan,Grüne
https://www.tiktok.com/@mk85930,CDU/CSU
https://www.tiktok.com/@george_kippele,CDU/CSU
https://www.tiktok.com/@helmut.kleebank,SPD
https://www.tiktok.com/@kleinwaechterafd,AfD
https://www.tiktok.com/@kristianklinck,SPD
https://www.tiktok.com/@lars.klingbeil,SPD
https://www.tiktok.com/@annikaklose,SPD
https://www.tiktok.com/@danielakluckert,FDP
https://www.tiktok.com/@timkluessendorf,SPD
https://www.tiktok.com/@axel.knoerig,CDU/CSU
https://www.tiktok.com/@baerbel.kofler,SPD
https://www.tiktok.com/@enricokomning,AfD
https://www.tiktok.com/@anne.koenig,CDU/CSU
https://www.tiktok.com/@joernkoenig_mdb,AfD
https://www.tiktok.com/@carina.konrad,FDP
https://www.tiktok.com/@simonakossmdb,SPD
https://www.tiktok.com/@steffenkotre,AfD
https://www.tiktok.com/@dr.rainer.kraft,AfD
https://www.tiktok.com/@anettekramme,SPD
https://www.tiktok.com/@dunja.kreiser,SPD
https://www.tiktok.com/@juergenkretz,Grüne
https://www.tiktok.com/@gunther_krichbaum,CDU/CSU
https://www.tiktok.com/@franziska.krumwie,Grüne
https://www.tiktok.com/@tilman.kuban,CDU/CSU
https://www.tiktok.com/@kuehnikev,SPD
https://www.tiktok.com/@langricarda,Grüne
https://www.tiktok.com/@ina.latendorf,Linke
https://www.tiktok.com/@silkelaunert,CDU/CSU
https://www.tiktok.com/@caren.lay.mdb,Linke
https://www.tiktok.com/@_svenlehmann_,Grüne
https://www.tiktok.com/@katja.leikert,CDU/CSU
https://www.tiktok.com/@kevinleiserhohenlohe,SPD
https://www.tiktok.com/@christian.leye.bsw,BSW
https://www.tiktok.com/@luizalicinabode,SPD
https://www.tiktok.com/@anja.liebert,Grüne
https://www.tiktok.com/@esralimbacher,SPD
https://www.tiktok.com/@c_lindner,FDP
https://www.tiktok.com/@tobiaslindner385,Grüne
https://www.tiktok.com/@denise.loop,Grüne
https://www.tiktok.com/@gesineloetzsch1,Linke
https://www.tiktok.com/@max_lks,Grüne
https://www.tiktok.com/@annaluehrmann,Grüne
https://www.tiktok.com/@olliluksic,FDP
https://www.tiktok.com/@klausmackmdb,CDU/CSU
https://www.tiktok.com/@holgermannle,SPD
https://www.tiktok.com/@doromartin,SPD
https://www.tiktok.com/@parsa.marvi,SPD
https://www.tiktok.com/@franziska.mascheck,SPD
https://www.tiktok.com/@katja.mast,SPD
https://www.tiktok.com/@andreasmattfeldt,CDU/CSU
https://www.tiktok.com/@zoe.gruene,Grüne
https://www.tiktok.com/@vmayerlay,CDU/CSU
https://www.tiktok.com/@takis_mehmetali,SPD
https://www.tiktok.com/@dirk.ulrich.mende,SPD
https://www.tiktok.com/@merzcdu,CDU/CSU
https://www.tiktok.com/@mesarosch,SPD
https://www.tiktok.com/@matthias.miersch,SPD
https://www.tiktok.com/@matthias.mieves,SPD
https://www.tiktok.com/@irene.mihalic,Grüne
https://www.tiktok.com/@boris.mijatovic.mdb,Grüne
https://www.tiktok.com/@susanne.mittag.md,SPD
https://www.tiktok.com/@siemtje_moeller,SPD
https://www.tiktok.com/@mikemoncsek.de,AfD
https://www.tiktok.com/@dietrich_monstadt.cdu,CDU/CSU
https://www.tiktok.com/@0711max,CDU/CSU
https://www.tiktok.com/@chemnitzmueller,SPD
https://www.tiktok.com/@florian_mueller_mdb,CDU/CSU
https://www.tiktok.com/@sepp.mueller,CDU/CSU
https://www.tiktok.com/@michellemuente,SPD
https://www.tiktok.com/@volkermuenz_mdb,AfD
https://www.tiktok.com/@muenzenmaier,AfD
https://www.tiktok.com/@rasha_nasr_,SPD
https://www.tiktok.com/@zaklinnastic,BSW
https://www.tiktok.com/@edgarnaujokmdb,AfD
https://www.tiktok.com/@ingrid.nestle,Grüne
https://www.tiktok.com/@ophelianick,Grüne
https://www.tiktok.com/@brian.nickholz,SPD
https://www.tiktok.com/@jan_nolte_bundestag,AfD
https://www.tiktok.com/@josephineortlebmdb,SPD
https://www.tiktok.com/@karo.otte,Grüne
https://www.tiktok.com/@gerold_otten,AfD
https://www.tiktok.com/@aydanoezoguz,SPD
https://www.tiktok.com/@jpahlke,Grüne
https://www.tiktok.com/@dr.christos.pantazis,SPD
https://www.tiktok.com/@wiebkepapenbrock,SPD
https://www.tiktok.com/@mathias.papendieck,SPD
https://www.tiktok.com/@natalie.pawlik.mdb,SPD
https://www.tiktok.com/@jens.peick.mdb,SPD
https://www.tiktok.com/@pellmann,Linke
https://www.tiktok.com/@bundestagsperli#,Linke
https://www.tiktok.com/@tmpeterka_mdb,AfD
https://www.tiktok.com/@paulapiechotta,Grüne
https://www.tiktok.com/@pilsinger.mdb,CDU/CSU
https://www.tiktok.com/@jan.plobner,SPD
https://www.tiktok.com/@christoph.ploss,CDU/CSU
https://www.tiktok.com/@juergenpohlafd,AfD
https://www.tiktok.com/@filiz.polat.mdb,Grüne
https://www.tiktok.com/@protschkasposition,AfD
https://www.tiktok.com/@martin.rabanus,SPD
https://www.tiktok.com/@alois.rainer.mdb,CDU/CSU
https://www.tiktok.com/@volkerredder,FDP
https://www.tiktok.com/@henningrehbaum,CDU/CSU
https://www.tiktok.com/@mr_afd,AfD
https://www.tiktok.com/@reichel.markus,CDU/CSU
https://www.tiktok.com/@heidireichinnek,Linke
https://www.tiktok.com/@martin_e_renner,AfD
https://www.tiktok.com/@martinarennermdb,Linke
https://www.tiktok.com/@yeone_rhie,SPD
https://www.tiktok.com/@frank.rinck,AfD
https://www.tiktok.com/@danielrinkertspd,SPD
https://www.tiktok.com/@sonke.rix,SPD
https://www.tiktok.com/@rohdedennis,SPD
https://www.tiktok.com/@jessi_rosenthal,SPD
https://www.tiktok.com/@tabearoessner,Grüne
https://www.tiktok.com/@dr.rainer.rothfuss,AfD
https://www.tiktok.com/@erwinrddel,CDU/CSU
https://www.tiktok.com/@tina.rudolph.spd,SPD
https://www.tiktok.com/@nadinerufmdb,SPD
https://www.tiktok.com/@j.saathoff,SPD
https://www.tiktok.com/@michaelsacher.mdb,Grüne
https://www.tiktok.com/@kassem.tahersaleh,Grüne
https://www.tiktok.com/@ingo.schaefer.spd,SPD
https://www.tiktok.com/@jamila.schaefer,Grüne
https://www.tiktok.com/@rebecca.schamber,SPD
https://www.tiktok.com/@bernd.schattner.mdb,AfD
https://www.tiktok.com/@johannesschaetzl,SPD
https://www.tiktok.com/@ulleschauws,Grüne
https://www.tiktok.com/@christianeschenderlein,CDU/CSU
https://www.tiktok.com/@marianneschiedermdb,SPD
https://www.tiktok.com/@ulschzi2,AfD
https://www.tiktok.com/@peggy.ist.da,SPD
https://www.tiktok.com/@manfred.schiller.afd,AfD
https://www.tiktok.com/@timo.schisanowski,SPD
https://www.tiktok.com/@nils.schmid.spd,SPD
https://www.tiktok.com/@dieschmidtspd,SPD
https://www.tiktok.com/@eugen_schmidt.mdb,AfD
https://www.tiktok.com/@janwenzelschmidt,AfD
https://www.tiktok.com/@danielschneidercuxhaven,SPD
https://www.tiktok.com/@joergschneidermdb,AfD
https://www.tiktok.com/@patrick.schnieder,CDU/CSU
https://www.tiktok.com/@nadine.schn36,CDU/CSU
https://www.tiktok.com/@lime_green_leni,Grüne
https://www.tiktok.com/@johannesschraps,SPD
https://www.tiktok.com/@chris_schreider,SPD
https://www.tiktok.com/@felix.schreiner,CDU/CSU
https://www.tiktok.com/@cj_schroeder,Grüne
https://www.tiktok.com/@riaschroederfdp,FDP
https://www.tiktok.com/@michael.schrodi,SPD
https://www.tiktok.com/@kordula.schulzasc,Grüne
https://www.tiktok.com/@frank.schwabe,SPD
https://www.tiktok.com/@stefan_schwartze,SPD
https://www.tiktok.com/@andreas_schwarz_mdb,SPD
https://www.tiktok.com/@thomas_seitz_mdb,Sonstige
https://www.tiktok.com/@linaseitzl,SPD
https://www.tiktok.com/@sichertdeutschland,AfD
https://www.tiktok.com/@thomas.silberhorn,CDU/CSU
https://www.tiktok.com/@bjoernsimon.mdb,CDU/CSU
https://www.tiktok.com/@judith.skudelny,FDP
https://www.tiktok.com/@nyke.slawik,Grüne
https://www.tiktok.com/@jensspahn,CDU/CSU
https://www.tiktok.com/@aspallek,Grüne
https://www.tiktok.com/@dr.dirkspaniel,AfD
https://www.tiktok.com/@merle_spellerberg,Grüne
https://www.tiktok.com/@rene_springer,AfD
https://www.tiktok.com/@katrin.staffler,CDU/CSU
https://www.tiktok.com/@stammfima,SPD
https://www.tiktok.com/@till_steffen,Grüne
https://www.tiktok.com/@mathias_stein,SPD
https://www.tiktok.com/@johannes.steiniger,CDU/CSU
https://www.tiktok.com/@hanna_steinmueller,Grüne
https://www.tiktok.com/@nadja.sthamer,SPD
https://www.tiktok.com/@stumpp_christina,CDU/CSU
https://www.tiktok.com/@stuewer,SPD
https://www.tiktok.com/@awet_tesfaiesus,Grüne
https://www.tiktok.com/@jens_teutrine,FDP
https://www.tiktok.com/@antje.tillmann,CDU/CSU
https://www.tiktok.com/@nico_tippelt,FDP
https://www.tiktok.com/@deryatuerknachbaur,SPD
https://www.tiktok.com/@ullmannmdb,FDP
https://www.tiktok.com/@volkerullrich,CDU/CSU
https://www.tiktok.com/@gerald.ullrich,FDP
https://www.tiktok.com/@mdb.alexander.ulrich,BSW
https://www.tiktok.com/@vogeljohannes,FDP
https://www.tiktok.com/@dielinkekathrin,Linke
https://www.tiktok.com/@marja.voellers,SPD
https://www.tiktok.com/@erikvonmalottki,SPD
https://www.tiktok.com/@beatrixvonstorchneu,AfD
https://www.tiktok.com/@emilyimbundestag,SPD
https://www.tiktok.com/@robinwagenermdb,Grüne
https://www.tiktok.com/@sahra.wagenknecht,BSW
https://www.tiktok.com/@hannes4future,Grüne
https://www.tiktok.com/@sandra_weeser,FDP
https://www.tiktok.com/@carmenwegge,SPD
https://www.tiktok.com/@alice_weidel_afd,AfD
https://www.tiktok.com/@anja.weisgerber,CDU/CSU
https://www.tiktok.com/@stefanwenzel_mdb,Grüne
https://www.tiktok.com/@thereallenzii,SPD
https://www.tiktok.com/@haraldweyel,AfD
https://www.tiktok.com/@dirkwiesespd,SPD
https://www.tiktok.com/@katharina.willkomm,FDP
https://www.tiktok.com/@christian.wirth2,AfD
https://www.tiktok.com/@janine_wissler,Linke
https://www.tiktok.com/@mechthilde.wittmann,CDU/CSU
https://www.tiktok.com/@dr.wollmann,SPD
https://www.tiktok.com/@joachim.wundrak,AfD
https://www.tiktok.com/@guelistan.yueksel.mdb,SPD
https://www.tiktok.com/@kayuweziegler71,AfD
https://www.tiktok.com/@paulziemiak,CDU/CSU
https://www.tiktok.com/@stefan.spd,SPD
https://www.tiktok.com/@jenszspd,SPD
https://www.tiktok.com/@nicolaszippelius,CDU/CSU
https://www.tiktok.com/@armand_zorn,SPD
https://www.tiktok.com/@katrin.zschau,SPD
https://www.tiktok.com/@teambundeskanzler,SPD
https://www.tiktok.com/@bmwk_habeck,Grüne
https://www.tiktok.com/@karl.lauterbach24,SPD
https://www.tiktok.com/@cem.oezdemir,Grüne
